{
  "total_duration": 6624.0,
  "total_records": 6620,
  "interval_count": 3,
  "power_overall_avg": 170.84622356495467,
  "power_overall_std": 27.244666673548434,
  "normalized_power": 174.9499771762743,
  "cadence_overall_avg": 69.25181268882176,
  "hr_overall_avg": 145.4271903323263,
  "hr_overall_max": 166.0,
  "power_compliance_avg": 33.19154565155108,
  "power_compliance_std": 46.939934016549266,
  "cadence_compliance_avg": 33.302446256486284,
  "cadence_compliance_std": 47.09677115612401
}