{
  "total_duration": 7993.0,
  "total_records": 7964,
  "interval_count": 3,
  "power_overall_avg": 161.78327473631342,
  "power_overall_std": 28.636071750922525,
  "normalized_power": 165.64298321263533,
  "cadence_overall_avg": 87.11853340030136,
  "hr_overall_avg": 141.7150929181316,
  "hr_overall_max": 156.0,
  "power_compliance_avg": 33.07970098992391,
  "power_compliance_std": 46.78176177919709,
  "cadence_compliance_avg": 33.304774248570645,
  "cadence_compliance_std": 47.10006343410281
}